Image_path,Final_Summary,filtered_ben_Beng_text
Multimodal_images/skin rash/Image_40.jpg,"What could be the cause of the persistent rash, hives-like appearance, and painful, weeping wound on the right elbow? The image shows a condition of 'skin rash'. The severity is moderate","আমার সঙ্গীর ত্বকে কিছু সমস্যা আছে। প্রায় 2 মাস ধরে তার বাম হাতে শুষ্ক ত্বকের মতো দাগ ছিল। এখন প্রায় 2 সপ্তাহ ধরে তার লুকানো উরুর ভিতরে এবং কনুইয়ের ভিতরে লাল দাগযুক্ত শুকনো দেখতে ফুসকুড়ি রয়েছে। তার ডান কনুই এখন ভেঙে গেছে এবং কাঁদছে এবং কাঁচা দেখায় এবং ব্যথায় ভুগছে। প্রথমে আমরা ভেবেছিলাম এটি ওয়াশিং পাউডারের ব্র্যান্ডের প্রতিক্রিয়া হতে পারে, তবে এটি পরিবর্তিত হয়েছে (ঘা দেখা দেওয়ার আগে) এবং ফুসকুড়ি অব্যাহত রয়েছে। আমরা ফুসকুড়ির উপর একটি গ্লাস ঘুরিয়ে দেওয়ার চেষ্টা করেছি এবং এটি অদৃশ্য হয়ে যায়, আমরা এমন কোনও চিহ্ন দেখতে পাচ্ছি না যেখানে ত্বকের নীচে একটি মাইট চলে যেতে পারে। সত্যি কথা বলতে, এটি হাইভের মতো দেখাচ্ছে তবে তার ডান কনুইয়ের উপর যে ক্ষতটি ভেঙে গেছে তা আমাদের নীচের চিত্রের জন্য সবচেয়ে বেশি সংযুক্ত করে।"
Multimodal_images/hand lump/Image_1.jpg,"What is the likely cause of a small, hard, painful bump near the patient's elbow that has grown over time? The image shows a condition of 'hand lump'. there is redness of the lump and scarring is seen. The severity is moderate","আমার ডান হাতে একটি ছোট শক্ত, স্পর্শ করার মতো বেদনাদায়ক বাম্প রয়েছে যা আমার ত্বকের নীচে বেড়ে উঠছে ডাক্তার এর জন্য ছবিটি কনুইয়ের নীচে সংযুক্ত রয়েছে। আমার কাছে এটি জানুয়ারী থেকে রয়েছে এবং এটি আরও বেড়েছে বলে মনে হচ্ছে। এর উপরে সেই অঞ্চলে ব্যথা বেড়েছে। এটি সম্ভবত একটি স্নায়ুর ক্ষতি হতে পারে যা ফুলে গেছে। বা এটি টিউমারের লক্ষণ। যেখানে ছোট বাম্পটি রয়েছে সেখানে কোনও রঙের পরিবর্তন ঘটেনি, তবে ত্বক এখন ফুলে গেছে এবং বলটি লক্ষণীয়। প্রথমবার আমি বাম্পটি লক্ষ্য করার বিপরীতে এটি চোখে লক্ষণীয় ছিল না তবে স্পর্শ করার জন্য হ্যাঁ। দয়া করে আমাকে জানান যে এতে আপনার চিন্তাভাবনা কী! আপনার সময় এবং বিবেচনার জন্য আপনাকে ধন্যবাদ!"
Multimodal_images/eye redness/Image_3.jpg,"What topical treatment can be recommended for a 24-year-old male with eye redness, itching, and small red itchy bumps on the forearm? The image shows a condition of 'eye redness'. The severity is mild","তাই আমি একজন 24 বছর বয়সী পুরুষ, যিনি গত এক সপ্তাহ ধরে বার্লিংটন অন্টারিওতে বসবাস করছেন, আমার চোখের চারপাশে লালভাব হয়েছে (এটি চুলকায়) দয়া করে ডাক্তার নীচের চোখগুলি দেখুন। একটিরও বেশি এবং বাহুতে ছোট লাল ফোঁটাগুলি (চুলকানি)। ঠিক আছে এটি এক দিনের জন্য চলে যায় এবং চিন্তা করতে শুরু করে ফিরে আসে। আমি এর চিকিত্সার জন্য একটি ক্রিম বা কিছু খুঁজছি দয়া করে আমাকে সাহায্য করুন ধন্যবাদ নিক"
Multimodal_images/skin dryness/Image_3.jpg,"Is the patient's itchy, dry skin on the mons pubis and thighs along with a painful lump fungal or bacterial? The image shows a condition of 'skin dryness' The severity is mild",আমি একজন 21 বছর বয়সী মহিলা যে যৌন সক্রিয় নই। আমার একটি চুলকানি মনস পিউবিস এবং আমার উরুতে চুলকানি ত্বক রয়েছে যা আমার কুঁচকির চারপাশে নিতম্ব পাঠায়। এর সাথে dryness.The চিত্রটি সংযুক্ত করা হয়েছে যা নীচে সংযুক্ত করা হয়েছে। এটি উপস্থিত রয়েছে কারণ শেষ 2 weeks.There মনস পিউবিসের উপর শক্ত পিণ্ড যা লাল এবং কেবল স্পর্শের সময় বেদনাদায়ক। দয়া করে পরামর্শ দিন যে এটি ছত্রাক বা ব্যাকটেরিয়া কিনা এবং আমার কী ব্যবহার করা উচিত।
Multimodal_images/edema/Image_27.jpg,"What could be the cause of persistent cough, shortness of breath, low white blood cell count, edema, and other symptoms? The image shows a condition of 'edema'. The severity is severe","এক বছরেরও বেশি সময় ধরে আমার তীব্র অবিরাম কাশি হচ্ছে, যার মধ্যে রয়েছে থুথু, শ্বাসকষ্ট, শ্বেত রক্তকণিকার সংখ্যা কমে যাওয়া, অ্যাডিমা, মুখ এবং চোখ ফুলে যাওয়া, এর ছবি নিচে সংযুক্ত করা আছে। রাতে ঘুম থেকে উঠে বাতাসের জন্য হাঁপাতে হাঁপাতে, হৃদস্পন্দন, হঠাৎ উচ্চ রক্তচাপ, চরম ক্লান্তি, খুব খিটখিটে, বিষণ্ণ, আমার চুল অনেক কমে যাওয়া, চোখ সব সময় লাল থাকে বলে মনে হয়, আমার ক্রোন আছে কিন্তু এর জন্য কোনও ওষুধ নেই। আমার মাইট্রাল ভালভ প্রল্যাপসও আছে।"
