Image_path,Final_Summary,filtered_guj_Gujr_text
Multimodal_images/itichy eyelid/Image_16.jpg,"Is the patient's swollen, dry, and itchy eyelids during pregnancy related to their symptoms, and what alternative treatments can be suggested? The image shows a condition of 'itchy eyelid'. There is swelling and redness of the upper eye lid The severity is severe","નમસ્તે ડૉક્ટર, હું મારા eyeslids.Please માં કોઈ સમસ્યાથી પીડાઈ રહ્યો છું ડૉક્ટર જુઓ હાલની સ્થિતિ નીચે હું પાંચ અઠવાડિયાની ગર્ભવતી છું. મારી પોપચાઓ સૂકી છે. પોપચાંની ત્વચાની આસપાસ બળતરા હોય છે. મને તેના પર ખંજવાળ પણ આવે છે. હું ડૉક્ટર પાસે ગયો. તેમણે મને એક સ્ટીરોઈડ ક્રીમ આપી. પણ મારા સ્ત્રીરોગવિજ્ઞાનીએ મને એક અઠવાડિયા સુધી તેનો ઉપયોગ કરવાની સલાહ આપી. મેં આંખના ટીપાં, પોપચાના ક્લીનર, લોશન અને ચાના વૃક્ષના તેલ સહિત દરેક વસ્તુનો ઉપયોગ કરવાનો પ્રયાસ કર્યો છે. પરંતુ કંઈપણ મને મદદ કરી શક્યું નથી. શું તે ગર્ભાવસ્થાને કારણે છે. કૃપા કરીને સૂચવો."
Multimodal_images/skin growth/Image_1.jpg,"What could be the cause of a finger nail sized bulge above the left side of the forehead, accompanied by red marks, swollen lymph nodes, sore eyes, and weakness? The image shows a condition of 'skin growth'. The severity is moderate","મારા કપાળની ડાબી બાજુની ઉપર આંગળીના નખના કદનો ઉછાળો, મહેરબાની કરીને નીચે વાળની રેખામાં જોડાયેલ છબી જુઓ, કોઈ લાલાશ નહીં. થોડા દિવસો પછી 3 લાલ નિશાન થઈ ગયા જે કરડવાથી દેખાય છે, કોઈ ઉછાળો નથી, પરંતુ કાનના ડ્રમની બાજુમાં અને ગરદનની નીચે સોજો લસિકા ગાંઠો છે, મારી આંખોમાં દુખાવો છે, અને મારા નાકની ડાબી બાજુ વિચિત્ર અને અસ્પષ્ટ લાગે છે, અને હું નબળાઇ અનુભવું છું. કોઈપણ સલાહ."
Multimodal_images/skin rash/Image_40.jpg,What is the cause of persistent itching and darkening of the skin after using Momtaz cream for an extended period? The image shows a condition of 'skin rash'. The severity is moderate,"નમસ્તે, મારા cheeks.I પર ફોલ્લીઓ હતી ત્વચારોગ વિજ્ઞાની પાસે ગઈ, તેણે સૂચવ્યું કે જ્યાં સુધી ફોલ્લીઓ ન થાય ત્યાં સુધી [ID2] તેને 10 દિવસ સુધી મોઇશ્ચરાઇઝર સાથે વાપરો, ફોલ્લીઓ બંધ થઈ ગઈ પરંતુ મેં તેને બંધ કર્યા પછી મારી ત્વચામાં ખૂબ ખંજવાળ આવી રહી છે અને તે [ID1] લગભગ 4months.I ગેઇન માટે મોમતાઝ ક્રીમનો ઉપયોગ કરવાનું ચાલુ રાખ્યું, તે ત્વચારોગ વિજ્ઞાની પાસે પાછો ગયો, તેણે કહ્યું કે આપણે 15 દિવસથી વધુ સમય માટે મોમતાઝ ક્રીમનો ઉપયોગ કરતા નથી કારણ કે તે ત્વચાને લાંબા સમય સુધી તે ક્રીમનો ઉપયોગ કરવા માટે સંવેદનશીલ બનાવે છે time.Please સૂચવે છે કારણ કે જો હું તેનો ઉપયોગ કરવાનું બંધ કરું તો મારી ત્વચામાં ખંજવાળ આવે છે અને નીચે જોડાયેલ છબી માટે મારી ત્વચાને વધુ dark.The ફેરવે છે."
Multimodal_images/knee swelling/Image_4.jpg,"Is redness, bruising, and lingering itching normal after being stung by a bee behind the knee? The image shows a condition of 'knee swelling'. There is redness of overlying skin. The severity is severe","મને ગયા ગુરુવારે મારા ડાબા ઘૂંટણની પાછળ મધમાખીએ ડંખ માર્યો હતો. તેનાથી લાલાશ થઈ હતી, ખંજવાળ આવી હતી a.day swelling.Please ડૉક્ટર નીચેની હાલની સ્થિતિ જુઓ. મને બેનાડ્રીલ લેવાનું કહેવામાં આવ્યું હતું અને બીજા દિવસે મારા ડૉક્ટર સાથે સંપર્ક કરવામાં આવ્યો હતો. જો કે તે વિસ્તાર હજુ પણ લાલ દેખાય છે, તે સ્થળની આસપાસના ઉઝરડા જેવો દેખાય છે. હજુ પણ થોડી ખંજવાળ આવે છે. શું આ સામાન્ય છે?"
Multimodal_images/swollen eye/Image_12.jpg,"What could explain a 15-year-old's swollen eyes, orange urine, abdominal pain, elevated liver enzymes, and shortness of breath? The image shows a condition of 'swollen eye'. there is redness of the skin over upper eye lid The severity is moderate",મારી 15 વર્ષની દીકરીની આંખોની આસપાસ સોજો આવી ગયો છે. મહેરબાની કરીને ડૉક્ટર લગભગ 10 દિવસથી નીચેની આંખો જુઓ. તેને નારંગી પેશાબ અને પેટમાં દુખાવો પણ છે. તેના લીવરના ઉત્સેચકો રવિવારે ધીમે ધીમે ઊંચા થઈ ગયા હતા. તેને પણ પ્રવૃત્તિથી શ્વાસ લેવામાં તકલીફ છે. એમ. ડી. કહે છે કે તે એક વાયરસ છે પરંતુ મને ખાતરી છે કે કંઈક વધુ થઈ રહ્યું છે.
