Image_path,Final_Summary,filtered_hin_Deva_text
Multimodal_images/swollen eye/Image_4.jpg,Should I be worried about my 7-year-old daughter's swollen and bruised eyelid after bumping her head? The image shows a condition of 'swollen eye'. Redness of skin over eyelid The severity is moderate,मेरी 7 साल की छोटी लड़की ने झपकी ली और अपना सिर एक गुड़िया के घर पर पटक दिया। उसे सिरदर्द है और उसकी पलक पर चोट लगी है और डॉक्टर नीचे की आँखों को देखते हैं। उसने 20 मिनट के लिए बर्फ का पैक पहना हुआ था और वह अभी भी सूजी हुई है लेकिन वह अब सो गई है और सो रही है। क्या मुझे कुछ चिंता करनी चाहिए। धन्यवाद।
Multimodal_images/lip swelling/Image_97.jpg,"What could be causing swollen lips, gum pain, rotten smell in the nose, yellow nasal discharge, and facial pressure? The image shows a condition of 'lip swelling'. mouth ulcer is seen The severity is mild",मेरे चेहरे के बाईं ओर प्रिशर है। यह शुरू हुआ जहाँ मेरे मसूड़ों में दर्द हो रहा था जहाँ दो साल पहले मेरे दांत खींचे गए थे। फिर मेरी नाक में इस सड़े हुए अंडे या सोल्फा की बदबू आ रही है। मैं यहाँ बैठ जाऊँगा और मेरी नाक इस हल्के पीले पानी के तरल पदार्थ से टपकने लगेगी। मेरा चेहरा मेरी आँख के चारों ओर सूज गया है और अगर मैं झुकता हूँ तो प्रेसर को ऐसा लगता है कि यह मेरे मुंह से मेरे साइनस से अधिक है। मुझे सांस की बदबू नहीं आती है जैसे कि अगर आपके दांत खराब होते हैं तो आप नीचे दिए गए क्षेत्र के डॉक्टर की छवि देखें।
Multimodal_images/skin irritation/Image_6.jpg,"Is the patient's low potassium, high liver enzymes, hair loss, swelling, itchy skin, diarrhea, and weight contributing to her symptoms? The image shows a condition of 'skin irritation'. crusting is seen at the base of the thumb The severity is moderate","मेरे पास कम पोटेशियम और उच्च यकृत एंजाइम हैं। डॉक्टर ने कहा कि पोटेशियम, बी 12 और फोलिक एसिड को फिर से जांच करने और संभावित एम. जी. जांच से पहले 2 सप्ताह के लिए लें। इसके अलावा, आयरन का स्तर कम है लेकिन अभी भी सीमा में है। मेरे बाल मुट्ठी भर में गिर रहे हैं, घुटनों के नीचे सूजन है, त्वचा में खुजली है। डॉक्टर इसके लिए छवि नीचे संलग्न है, लगातार दस्त और अधिक। मैं 37 वर्षीय, अधिक वजन वाली महिला हूं।"
Multimodal_images/skin growth/Image_19.jpg,"Patient query: Will the chalazion on the lower lid ever fully resolve and flatten, allowing me to wear eye makeup confidently again? The image shows a condition of 'skin growth'. Hyperpigmented lesion over the forehead. The severity is severe","नमस्ते डॉक्टर, मेरे निचले ढक्कन पर एक शैलेज़ियन था और इसे लगभग एक महीने पहले हटा दिया गया था। लेकिन, टक्कर अभी भी दूर नहीं हुई है और उस पर थोड़ी लालिमा है। इसके अलावा, जब मैं इसे हटा रहा था, तो मेरे डॉक्टर ने कहा कि मुझे ब्लीफ़ेराइटिस है। लेकिन, मेरी आंखें दर्द नहीं करती हैं और पलकें लाल नहीं होती हैं। जब मेरा शैलेज़ियन पूरी तरह से चला जाएगा और चपटा हो जाएगा। क्या मैं कभी फिर से आंखों का मेकअप पहन पाऊंगा। क्योंकि, यह कुछ ऐसा है जिसके बिना मुझे आत्मविश्वास महसूस नहीं होता है। यह वास्तव में मुझे एक lot.The छवि के लिए उदास कर रहा है जो नीचे संलग्न है।"
