Image_path,Final_Summary,filtered_mal_Mlym_text
Multimodal_images/skin rash/Image_126.jpg,"What is the expected duration and contagious period for severe mono with liver infection, splenomegaly, skin rash, weight loss, and appetite? The image shows a condition of 'skin rash'. herald patch The severity is mild","subside.My സുഹൃത്തിന് എപ്പോഴാണ് മോണോയുടെ ഏറ്റവും ഗുരുതരമായ കേസ് ഉണ്ടെന്ന് അറിയുന്നത്. അവന്റെ കരൾ ശരിക്കും രോഗബാധിതമാണ്, അവന്റെ പ്ലീഹ വളരെ വീർത്തിരിക്കുന്നു, അവന്റെ ചർമ്മം ചുവന്നതാണ്, അവന്റെ ശരീരം മുഴുവൻ കത്തുന്ന ഒരു ചൊറിച്ചിൽ ഉണ്ട് ദയവായി ഡോക്ടർ താഴെയുള്ള നിലവിലെ അവസ്ഥ കാണുക, വിശപ്പ് ഉണ്ടായിരുന്നിട്ടും ശരീരഭാരം കുറയുന്നത് തുടരുക. ഇത് സാധാരണമാണോ, ഈ ഇഫക്റ്റുകൾ എപ്പോൾ കുറയും. കൂടാതെ, എപ്പോൾ അവൻ പകർച്ചവ്യാധിയാകില്ല."
Multimodal_images/swollen tonsils/Image_45.jpg,Patient has congested throat with swollen tonsils and white spots. Medications aren't reducing symptoms. What should they do? The image shows a condition of 'swollen tonsils'. Dental caries The severity is moderate,"ഹായ് ഡോക്ടർ, എനിക്ക് മൂന്ന് ദിവസമായി തിരക്കേറിയ തൊണ്ടവേദനയുണ്ട് (അതിൽ ചില വെളുത്ത പാടുകളുണ്ട്). ഡോക്ടർമാർ എനിക്ക് ക്യാപ്സ്യൂൾ സെഫ്സ്പാൻ 400 മില്ലിഗ്രാം, ദിവസത്തിൽ രണ്ടുതവണ, ടാബ്ലെറ്റ് ഫെക്സെറ്റ് 160 മില്ലിഗ്രാം, ദിവസത്തിൽ ഒരിക്കൽ, ടാബ്ലെറ്റ് ബ്രൂഫെൻ 400 മില്ലിഗ്രാം ദിവസത്തിൽ രണ്ടുതവണ, ഡാക്ടാരിൻ ഓറൽ ജെൽ എന്നിവ നൽകി. ഇത് കുറയുന്നില്ല. ഞാൻ എന്തുചെയ്യണം. അതിനുള്ള ചിത്രം ചുവടെ ചേർക്കുന്നു."
Multimodal_images/skin growth/Image_1.jpg,"What could be the cause of the red, swollen bite with black in the middle, along with fatigue and droopy eyes? Should she seek medical attention? The image shows a condition of 'skin growth'. The severity is moderate","എൻറെ മകൾ അമേരിക്കയിൽ നിന്ന് മടങ്ങിയെത്തിയതേയുള്ളൂ, അവളുടെ നെഞ്ചിൽ ഒരുതരം കടിയുണ്ടെന്ന് ഞാൻ കരുതുന്നു. അത് വളരെ ചുവപ്പും വീർത്തതും ഒരു വലിയ ചിത്രത്തിന് മുകളിലുമാണ്, അതിൻറെ ചിത്രം താഴെ ചേർത്തിട്ടുണ്ട്. ഇത് വളരെ വേദനാജനകമാണ്, കൂടാതെ middle.MIT ലെ കറുത്ത അടയാളങ്ങളും തൊലി കളയാൻ തുടങ്ങിയിരിക്കുന്നു. അവൾക്ക് വളരെ ക്ഷീണവും കനത്ത കണ്ണുകളും അനുഭവപ്പെടുന്നു. ഇത് എന്തായിരിക്കാം, അവൾ ഒരു ഡോക്ടറെ കാണുകയോ അല്ലെങ്കിൽ & e-യുടെ അടുത്തേക്ക് പോകുകയോ വേണം."
Multimodal_images/skin rash/Image_40.jpg,What could be the cause of raised blotches on the skin resembling a rash or bug bites in a child? The image shows a condition of 'skin rash'. The severity is moderate,"ഹായ് അതെ, എൻ്റെ മകൾ അവളുടെ ചർമ്മത്തിൽ പാടുകൾ ഉയർത്തിയിട്ടുണ്ട്, ചിലത് തടി പോലെ കാണപ്പെടുന്നു, ചിലത് ബഗ് കടിയേറ്റതുപോലെ കാണപ്പെടുന്നു. അവൾക്ക് അസാധാരണമായ ഭക്ഷണമൊന്നും ലഭിച്ചിട്ടില്ല, അത് ഇതിന് കാരണമായേക്കാം, അവൾ ഇന്നലെ ഞങ്ങളുടെ വശത്ത് കളിച്ചു, പക്ഷേ ശരിക്കും ഉയർന്ന വനപ്രദേശത്തോ വെള്ളത്തിലോ അല്ല. അതിനുള്ള ചിത്രം ചുവടെ ചേർത്തിട്ടുണ്ട്"
Multimodal_images/skin rash/Image_40.jpg,Patient experiencing recurring red rashes with itching and burning sensation on thigh despite trying various creams and fluconazole. Need medication recommendation. The image shows a condition of 'skin rash'. The severity is moderate,"തുടയ്ക്കടുത്തുള്ള ചർമ്മത്തിൽ ചുവപ്പും ചൊറിച്ചിലും ഉണ്ടാകുന്നു, എനിക്ക് കത്തുന്ന സംവേദനത്തോടെ ചൊറിച്ചിൽ അനുഭവപ്പെടുന്നു, ഞാൻ മിക്കവാറും എല്ലാത്തരം ക്രീം i.e.Imidil, സൂഫാസ് sn.qurdiderm, ഫ്ലൂക്കോർട്ട്, കാൻഡിഡ് മുതലായവ ഉപയോഗിച്ചിട്ടുണ്ട്, പക്ഷേ ഫലമൊന്നുമില്ല, കൂടാതെ ഞാൻ ആഴ്ചയിൽ 150 ഗ്രാം ഫ്ലൂക്കോൺസോൾ ടാബ്ലറ്റ് നിരവധി ദിവസങ്ങളായി ഉപയോഗിക്കുന്നു, ദയവായി മരുന്ന് നിർദ്ദേശിക്കുക. എന്റെ ഇമെയിൽ YYYY@YYYY അതിനുള്ള ചിത്രം ചുവടെ ചേർത്തിട്ടുണ്ട്."
