Image_path,Final_Summary,filtered_mar_Deva_text
Multimodal_images/lip swelling/Image_7.jpg,"What is the cause of the small hole in the upper lip, redness, swelling, and pain when touched or exposed to liquids/food? The image shows a condition of 'lip swelling'. Swelling of the cheeks are also seen The severity is severe","माझ्या वरच्या ओठांमध्ये उजव्या बाजूला एक छोटीशी फोड आहे (जर तुम्ही तुमची जीभ हिरड्या आणि ओठांच्या दरम्यान शक्य तितकी ढकलत असाल तर) आणि मला ती आता सुमारे 3 दिवस झाली आहे. छिद्राच्या भोवती लाल आणि सुजलेली आहे आणि स्पर्शाने दुखत आहे आणि जेव्हा काही द्रव किंवा अन्न त्याला स्पर्श करते तेव्हा खाली असलेल्या प्रभावित क्षेत्राच्या डॉक्टरची प्रतिमा पहा. हे कदाचित काय असू शकते, मला काळजी वाटते."
Multimodal_images/neck swelling/Image_32.jpg,What is the cause of a swollen red lump on a 6-year-old's neck under the right ear causing limited head movement and pain? The image shows a condition of 'neck swelling'. Crusting of right angle of mouth is seen. The severity is moderate,माझ्या मुलाच्या उजव्या कानाच्या खालच्या मानेवर सूजलेली लाल गाठ आहे. त्याला वेदना होत आहेत आणि खाली मानेवर काहीतरी घडल्याचे पाहून तो फक्त त्याचे डोके किंचित हलवू शकतो. कॅटने काल ई. आर. मध्ये काहीही दाखवले नाही परंतु सूज काल तिथे नव्हती आणि ते विस्थापित shoulder.What शोधत होते. तो फक्त 6 वर्षांचा आहे आणि दुखत आहे. मला खूप काळजी वाटते. हा फोड आहे का?
Multimodal_images/skin rash/Image_40.jpg,"Patient experiences itchy patch under sports bra after jogging, with occasional itch spreading, flushing, but no raised rash. Could it be yeast? The image shows a condition of 'skin rash'. The severity is moderate","नमस्कार, मी धावतो आणि धावतो तेव्हा मला माझ्या स्पोर्ट्स ब्राच्या खाली खाजणारे डाग दिसले. त्यावर पुरळ नाही पण ते दिवसभर खाजते आणि खाज कधीकधी माझ्या शरीराच्या इतर भागांमध्ये पसरते. हे घाम येण्यामुळे खमीर असू शकते पण पुरळ नसणे. ते बंद असते आणि चालू असते weeks.when मी स्वेटर घालतो ज्यामुळे मला वेडेपणा येतो! कधीकधी माझी छाती लाल होते पण मला खरोखर उंचावलेले पुरळ कधीच नसते! त्याचे चित्र खाली जोडलेले आहे."
Multimodal_images/skin rash/Image_8.jpg,"What could be the cause of fever, red rashes, runny nose, and cold? Is it potentially measles, and what can be done for a fast recovery? The image shows a condition of 'skin rash'. vesicular lesions are seen The severity is moderate","मला सुमारे 3 दिवसांपूर्वी 99 (एफ) ताप आला होता. पण मी त्या तापातून बरा होतो. पण काल रात्री मला पुन्हा 101 (एफ) ताप आला आणि आज सकाळी उठल्यानंतर मला माझ्या चेहऱ्यावर आणि शरीरावर लाल चट्टे दिसले, नाक वाहू लागले, cold.Please डॉक्टर खाली सध्याची स्थिती पाहतात मला वाटते की ते गोवर विषाणूमुळे असू शकते. मी बरोबर आहे का. जर होय तर मी काय करावे. कृपया मदत करा. लवकर कसे बरे व्हावे."
Multimodal_images/lip swelling/Image_97.jpg,"Why does a 41-year-old patient with HTN, sleep apnea, elevated cholesterol, and lip swelling feel a pulse on the left side of their lower lip? The image shows a condition of 'lip swelling'. mouth ulcer is seen The severity is mild","माझे वय 41 वर्षे, 56,200 एल. बी. आहे आणि अलीकडेच मला एच. टी. एन., स्लीप एपनिया, वाढलेले कोलेस्टेरॉलचे निदान झाले आहे. मला माहित आहे की माझे वजन कमी करणे आवश्यक आहे आणि माझ्या आरोग्याच्या अनेक समस्या अशा प्रकारे सोडवल्या जाऊ शकतात. मी एक आर. एन. आहे म्हणून मला अतिरिक्त वजनाच्या परिणामांची जाणीव आहे. माझा प्रश्न असा आहेः मला माझ्या खालच्या ओठांच्या डाव्या बाजूला नाडी का जाणवते. मला तिथे खरोखर सूज जाणवते. हे HTN.Please साठीचे सूचक आहे का खाली दिलेल्या प्रभावित क्षेत्राच्या डॉक्टरांचे चित्र पहा."
