Image_path,Final_Summary,filtered_tam_Taml_text
Multimodal_images/hand lump/Image_35.jpg,What could be the cause of a painless bump above the middle finger hand knuckle that becomes tender when touched and causes redness when wearing a golf glove? The image shows a condition of 'hand lump'. The severity is mild,"நான் சமீபத்தில் கோல்ஃப் விளையாடத் தொடங்கினேன். கடந்த இரண்டு வாரங்களாக என் தோலின் கீழ் ஒரு சிறிய பம்ப் இருப்பதை நான் கவனித்தேன், ஆனால் என் நடுவிரல் கை நகலுக்கு மேலே. டாக்டர் அதற்கு கீழே இணைக்கப்பட்டுள்ள படம் என் நகலுக்கு கீழே வலிக்காது. நான் பம்பைப் பிடித்து நகிலிலிருந்து விலகி இழுக்கும்போது அது மென்மையாக இருக்கிறது. மேலும் நான் கோல்ஃப் கையுறையை ஒரு சுற்றுக்கு அணியும்போது, நான் கையுறையை கழற்றும்போது மென்மையாக இருக்கும், அதை அணியாமல் சிவப்பு நிறமாக மாறும்."
Multimodal_images/eye redness/Image_3.jpg,"What could cause a 18-year-old girl to experience burning eyes, redness, puffiness, eye pain, tears, blurred vision, and inability to attend school? The image shows a condition of 'eye redness'. The severity is mild","வணக்கம் டாக்டர், சுமார் ஒவ்வொரு ஆண்டும் எனக்கு இந்த பிரச்சினை உள்ளது, ஆனால் இந்த ஆண்டு இது நீண்ட காலமாக உள்ளது. நான் இந்த கண் பிரச்சினைகளைக் கொண்ட ஒரு பெண். எரியும் கண்கள் மற்றும் கண் சிவத்தல், தயவுசெய்து டாக்டர் கீழே உள்ள கண்களைப் பார்க்கவும். வலியால் கண்களைச் சுற்றி, தன்னிச்சையான கண்ணில் இருந்து கண்ணீர், மங்கலான பார்வை மற்றும் மருத்துவர் என் பிரச்சினையை கண்டறியவில்லை. எனவே, எனக்கு 18 வயதாகிறது, இந்த பிரச்சனையால் பள்ளிக்குச் செல்லவில்லை. தயவுசெய்து எனக்கு உதவுங்கள்."
Multimodal_images/skin rash/Image_40.jpg,"What can be done for a persistent, itchy rash on the left shin that doesn't respond to cortisone creams? The image shows a condition of 'skin rash'. The severity is moderate","எனக்கு இப்போது ஒரு வருடத்திற்கும் மேலாக என் இடது முழங்காலில் தடிப்பு உள்ளது. தொடுவதற்கு வலி, ஆனால் மிகவும் அரிப்பு. டாக்டர்ஸிடம் 5 முதல் 6 முறை சென்று கார்டிஸோன் கிரீம்களைப் பெற்ற பின்னரே கோல்டென்சியலைப் பயன்படுத்துவதன் மூலம் நான் அதை அமைதிப்படுத்தி வருகிறேன், அது ஒன்றும் செய்யவில்லை. ஒரு புதிய பேட்ச் ரைசிங் now.just என்னை பைத்தியம் பிடிக்க வைக்கிறது, ஏனெனில் என்னால் அதை அமைதிப்படுத்தவோ அல்லது most.go என்று சொல்லவோ முடியாது. தோலின் கீழ் லேசான அரிப்புடன் தொடங்குவது போல் தெரிகிறது, பின்னர் வீக்கம் ஏற்படுகிறது. அதற்கான படம் கீழே இணைக்கப்பட்டுள்ளது"
Multimodal_images/eye redness/Image_10.jpg,Does red and watery eyes with irritation accompany fatigue and slight fever in Hepatitis A patients? The image shows a condition of 'eye redness'. there is mild swelling of upper eye lid The severity is mild,"வணக்கம் டாக்டர்-எனக்கு ஹெபடைடிஸ் ஏ உள்ளது, அது ஒரு மாதம் அல்லது இரண்டு மாதங்களில் குணமடையும் என்று என் மருத்துவர் என்னிடம் கூறினார். எனக்கு சமீபத்தில் லேசான காய்ச்சல் இருந்தது, நான் மிகவும் சோர்வாக இருந்தேன். சமீபத்தில் என் கண்கள் சிவந்து, நீர் வடிந்தன, தயவுசெய்து டாக்டர் கீழே உள்ள கண்களைப் பார்க்கவும். மேலும் அவை மிகவும் எரிச்சலடைவதைப் போல உணரவும். இது ஹெப் ஏ-விலிருந்து வந்ததா?"
Multimodal_images/lip swelling/Image_12.jpg,"What could be the cause of a dry, rough spot on the lower lip that is slightly swollen and numb? The image shows a condition of 'lip swelling'. reddish lesions around right angle of mouth is seen. The severity is severe","என் கீழ் உதட்டில் மிகவும் வறண்ட ஒரு புள்ளி உள்ளது, கிட்டத்தட்ட மணல் காகிதம் போன்றது. அது சற்று வீங்கிய மற்றும் உணர்விழந்த நிலையில் உள்ளது, அந்த சிறிய இடத்தில் ஒரு நாடா துண்டு இருந்தால் எப்படி இருக்கும் என்பது போல. அது வலிக்காது, ஆனால் அது சங்கடமாக இருக்கிறது. நான் எவ்வளவு எக்ஸ்ஃபோலியேஷன் செய்தாலும் அல்லது எவ்வளவு சாப்ஸ்டிக் பயன்படுத்தினாலும், அது அங்கேயே உள்ளது. நான் concerned.The படம் கீழே இணைக்கப்பட்டுள்ளது."
