Image_path,Final_Summary,filtered_tel_Telu_text
Multimodal_images/lip swelling/Image_8.jpg,"Patient had a lip swelling with twitching a year ago, now concerned about oral herpes and wants advice on swimming. The image shows a condition of 'lip swelling'. reddish lesions visible below the lower lip. The severity is mild","దాదాపు ఒక సంవత్సరం క్రితం నా ఎగువ పెదవి కుడి వైపున వాపు వచ్చింది, దానితో పాటు కొన్ని నిరంతర twitching.Please వైద్యుడు ప్రస్తుత పరిస్థితిని క్రింద చూడండి. అది ఎప్పుడూ పొక్కులు పడలేదు మరియు రెండు రోజుల్లోనే పోయింది, కానీ ఇప్పుడు అది నోటి హెర్పెస్ అని నేను భయపడుతున్నాను. నేను నా నాలుగు సంవత్సరాల పిల్లవాడితో ఈత కొట్టాలనుకుంటున్నాను, కానీ నేను వెయిట్రెస్గా పనికి వెళ్ళే ముందు నాకు జలుబు వస్తుంది అని భయపడుతున్నాను. పెద్ద జలుబు నొప్పి ఉన్న అమ్మాయి మీ ఆహారాన్ని మీకు అందించడం ఎంత అసహ్యంగా ఉంటుందో మనమందరం అంగీకరించగలమని నేను అనుకుంటున్నాను, ఈ రోజుల్లో హెచ్ఎస్వి-1 అంత సాధారణం. అప్పటి నుండి నాకు అలాంటిదేమీ లేదు, కానీ అది హెర్పెస్ కావచ్చు అని మీరు అనుకుంటున్నారు."
Multimodal_images/swollen eye/Image_2.jpg,Should a 4-year-old with a stye that turned black and has a swollen eye seek medical attention? The image shows a condition of 'swollen eye'. there is redness of the upper eye lid The severity is mild,నా 4 ఏళ్ల కొడుకు ఎగువ కంటి మూతపై స్టై ఉంది మరియు చాలా వాపు ఉంది మరియు స్టై నల్లటి వాపుగా మారింది dot.Please డాక్టర్ క్రింద ఉన్న కళ్ళను చూడండి. నేను ఒక సమయంలో పది నిమిషాలు వెచ్చని వాష్ వస్త్రంతో అతని కన్ను నొక్కుతున్నాను మరియు అలా చేయడం నుండి స్టై నల్లగా మారింది. నేను దానిని మెరుగుపరచడానికి సహాయపడే మరేదైనా చేయగలనా లేదా వైద్యుడిని చూడటానికి సమయం ఆసన్నమైందా అని ఆలోచిస్తున్నాను.
Multimodal_images/skin rash/Image_40.jpg,"Is the non-painful, itchy rash located around the groin indicative of a fungal infection as suspected by the patient? The image shows a condition of 'skin rash'. The severity is moderate","హలో డాక్టర్, నా భార్యకు దాదాపు రెండు వారాలుగా ఈ దద్దుర్లు ఉన్నాయి. ఇది తీవ్రమైనది ఏమీ కాదని ఆమెకు భరోసా ఇవ్వమని నేను ఎవరినైనా అడగాలనుకుంటున్నాను. ఏ రకమైన దద్దుర్లు this.Please డాక్టర్ ప్రస్తుత పరిస్థితిని క్రింద చూడండి. ఇది ఆమెకు బాధ కలిగించదు, కానీ చర్మం చికాకు, సున్నితమైనది మరియు దురద. ఇది గజ్జ చుట్టూ ఉంది కానీ యోని లోపల లేదా పాయువు దగ్గర మరింత ముందుకు వెళ్ళదు. ఇది ఫంగల్ ఇన్ఫెక్షన్ అని ఆమె నమ్ముతుంది, కానీ అది ఎంత నిజం."
Multimodal_images/dry scalp/Image_2.jpg,How can I restore my thinning hair and prevent hair loss after switching from Wal-dryl to Allegra? The image shows a condition of 'dry scalp'. There is redness of the scalp. The severity is moderate/severe,"నేను ఇటీవల అల్లెగ్రా నుండి ఒక నెల పాటు వాల్-డ్రిల్కు మారాను, వాల్-డ్రిల్లో ""డైఫెన్హైరమైన్"" ఉంటుంది, అయితే అల్లెగ్రా లేదు. వాల్-డ్రిల్ నుండి మారినప్పటి నుండి, bathing.The చిత్రం క్రింద జతచేయబడిన తర్వాత బాత్ టబ్లో నా జుట్టు గణనీయమైన మొత్తంలో మిగిలి ఉందని నేను గమనించాను. నా టోపీ లోపల వదులుగా ఉన్న వెంట్రుకలను కూడా చూడవచ్చు, మరియు తలపై ఉన్న జుట్టు త్వరగా సన్నబడుతున్నట్లు అనిపిస్తుంది. నా ఆరోగ్యకరమైన తల జుట్టును పునరుద్ధరించడానికి నేను ఏమి చేయగలను."
Multimodal_images/edema/Image_3.jpg,"What could be the cause of the patient's symptoms of dizziness, nausea, chest pains, edema, elevated blood pressure, abnormal EKG, and elevated liver function tests? The image shows a condition of 'edema'. there are reddish lesions visible over the skin The severity is moderate","చాలా తలనొప్పి, వికారం, ఛాతీ నొప్పితో బాధపడుతున్న 51 ఏళ్ల మహిళ. దయచేసి డాక్టర్ ప్రస్తుత పరిస్థితిని క్రింద చూడండి. నేను మెడికైటన్ తీసుకున్నప్పటికీ నా బిపి పెరిగింది, నా హృదయ స్పందన రేటు నిమిషానికి 20 పాయింట్లు పెరిగింది. నేను దీని కోసం వైద్యుడి వద్దకు వెళ్ళాను మరియు నా ఈకెజి అసాధారణంగా ఉంది, ఒక బ్లాక్ మరియు అదనపు బీట్ చూపిస్తుంది, మరియు నా కాలేయ పనితీరు పరీక్షలు ఎక్కువగా ఉన్నాయి. నా గ్లూకోజ్ సాధారణమైనది, అలాగే నా సిబిటి. నా చెడు కొలెస్ట్రాల్ ఎక్కువగా ఉంది, నా మంచి కొలెస్ట్రాల్ అంత చెడ్డది కాదు, మరియు నా కాలేయ పనితీరు పరీక్షలు పెరిగాయి. దానిని పరిశీలించడానికి నాకు గ్యాస్ట్రోతో అపాయింట్మెంట్ ఉంది, నా గుండె యొక్క న్యూక్లియర్ స్ట్రెస్ టెస్ట్ మరియు అల్ట్రాసౌండ్ షెడ్యూల్ చేయబడింది, మరియు వారికి న్యూరో (నాకు పిటిసి కూడా ఉంది) షెడ్యూల్ చేయబడింది, దీని అర్థం నేను ఆందోళన చెందుతున్నాను."
